Title,Price,Location,URL,Rating,Details
The Colony Facing KLCC Pool view TRX Merdeka 118,71.00,"Kuala Lumpur, Wilayah Persekutuan Kuala Lumpur, Malaysia",https://www.airbnb.com/rooms/1005022077370914380?search_mode=regular_search&adults=1&check_in=2026-10-02&check_out=2026-10-04&children=0&infants=0&pets=0&photo_id=1762791240&source_impression_id=p3_1771479057_P3Ru_2bGAKVpG15g&previous_page_section_name=1000&federated_search_id=1b62aa0d-72ca-4e03-bdfb-da0778decf1e,4.82,"Our unit facing directly to KLCC View, where you can enjoy Kuala Lumpur View without any blockage. It is located beside Quill City Mall, where a monorail station (Medan Tuanku) just in front of the mall.The spaceRoom - Queen size bed- Wall mounted android television- Attached bathroom with water heater- Air conditioning- Basic toiletries (ie, towels, shower gel, toilet papers)Kitchenette-  Basic (Light) cooking allowed -  Pots, pans, bowls, tableware & cutleries-  Washing machine (detergent provided)-  RefrigeratorGuest access‚ûú Approximately 2KM driving distance to KLCC twin towers and Pavilion area‚ûú Approximately 3KM driving distance to KL Tower‚ûú Approximately 4KM driving distance to Chinatown‚ûú 7 minutes walking distance to monorail station and Quill City Mall** You may be interested also to hop on our GOKL City air-conditioned bus to explore the city, for FREE! Just walk to Medan Tuanku monorail station and buy a ticket & take the train to Chow Kit monorail station (or you may take a 6 minutes breeze walk to Chow Kit monorail station). The GOKL City buses stops by major tourists‚Äô attractions according to the routes, visit malaysia-traveller or more info.In case of emergency :‚ûú Approximately 2KM driving distance to Hospital Kuala LumpurOther things to notePlease take note that our unit is strictly a non-smoking unit. RM300.00 fine will be imposed for cleaning.Max 2 persons only allow due to the unit only have 1 queen bed. NO EXTRA headcount allow.Check in time: After 3:00 PMCheck out time: Before 12:00 PMOur unit is a self-check-in/out unit. We will share all the check in details and guidelines through whats-app on your check in day. Kindly remember to drop us a message with your contact number with whats-app application"
Designer - KLCC Infinity Pool | LRT | Mall Walk,103.00,"Kuala Lumpur, Federal Territory of Kuala Lumpur, Malaysia",https://www.airbnb.com/rooms/1542784897437294239?search_mode=regular_search&adults=1&check_in=2026-03-13&check_out=2026-03-15&children=0&infants=0&pets=0&source_impression_id=p3_1771479057_P3dRHxoye_dAiUg9&previous_page_section_name=1000&federated_search_id=1b62aa0d-72ca-4e03-bdfb-da0778decf1e,4.96,"KLCC Designer Suite | 3-min LRT | Rooftop Petronas Infinity Pool View. Direct Quill Mall access, Netflix, concierge, Pavilion/TRX/KLCC Park by Grab.‚úîÔ∏è Anggun Residence KLCC ‚Äì 3-min walk to LRT & Quill Mall  ‚úîÔ∏è Rooftop infinity pool with direct Petronas Twin Towers view  ‚úîÔ∏è Direct access to Quill City Mall (no ride, no wait)  ‚úîÔ∏è Smart TV: Netflix, Disney+, Apple TV, all apps  ‚úîÔ∏è Short Grab to Suria KLCC, Pavilion, TRX, Bukit Bintang‚úîÔ∏è Walk to top restaurants, caf√©s & hidden gemsThe spaceRed-Planet theme, cloud-core bed, designer suite KLCC, direct Quill Mall. LED vanity, humidifier, plush sofa, concierge, rooftop Petronas pool.‚úîÔ∏è Private Red-Planet theme with hand-crafted duck-feather headboard  ‚úîÔ∏è Cloud-core mattress for deep sleep, plush marshmallow sofa  ‚úîÔ∏è Boutique beige rug, fully equipped kitchen, signature treats  ‚úîÔ∏è Smart TV: Netflix, Disney+, Apple TV & more  ‚úîÔ∏è LED vanity/work desk combo, humidifier, perfect lighting  ‚úîÔ∏è Hotel-grade towels, soaps, modern gym on-site  ‚úîÔ∏è Direct access to Quill City Mall ‚Äì no rides, no waits‚úîÔ∏è 2-min walk to KLCC Park & gardens‚úîÔ∏è On-site modern gym with city views  ‚úîÔ∏è Modern gym on-site with floor-to-ceiling windows.‚úîÔ∏è Washing machine & Dryer‚úîÔ∏è Free parking ‚úîÔ∏è Rice cooker, slow cooker.üñ§ Free 24/7 Private Concierge ‚Äì airport pickup, tours, rooftop dinners  üñ§ VIP Club: discounts, upgrades, lifetime access  üñ§ Perfect for couples & solo travelers seeking boutique KLCC escapeGuest accessShared building amenities: (elevator, lobby, rooftop Twin Towers & Menara views) are also open to all residents and their guests, including:Note* Request with us first. ‚Ä¢ Private modern gym‚Ä¢ Business centre‚Ä¢ Meeting room‚Ä¢ Reading room ‚Ä¢ Pebble foot massage  No access to cleaners private storage cupboard (locked). Everything else listed is 100 % yours during your stay.Other things to noteü§ç Let Us Personalize Your Stay ü§çJust tell us your needs, family activities, romantic plans, work setup, or anything else, and we‚Äôll tailor every detail to make your Mars Suite experience perfect for you."
Ceylonz Suites 33A (A) high floor City View,71.00,"Kuala Lumpur, Federal Territory of Kuala Lumpur, Malaysia",https://www.airbnb.com/rooms/635481064627920753?search_mode=regular_search&adults=1&check_in=2026-04-24&check_out=2026-04-26&children=0&infants=0&pets=0&photo_id=1441634044&source_impression_id=p3_1771479057_P3QbVydlT555Lx49&previous_page_section_name=1000&federated_search_id=1b62aa0d-72ca-4e03-bdfb-da0778decf1e,4.85,"‚ö† IMPORTANT: The Windows are Dangerous. Please take extra care, especially with children.Located in the HEART of Kuala Lumpur. Building address is Exsim Ceylonz Suites, Persiaran Raja Chulan, Bukit Kewangan, 50200 Kuala Lumpur, Federal Territory of Kuala LumpurTV is not provided in this unit. If you need a TV please check our other listings.Unit is on 34th Floor No Deposit neededFree ParkingFree WIFIFree Infinity Pool and GymThe Cleanest space in the world buildingOther things to noteNo TV in this Space.  Please check our other listings if you need a TV during your stay."
The Infinitum KLCC 5 with City View,69.00,"Kuala Lumpur, Malaysia",https://www.airbnb.com/rooms/895985071564330143?search_mode=regular_search&adults=1&check_in=2026-05-08&check_out=2026-05-10&children=0&infants=0&pets=0&source_impression_id=p3_1771479057_P3pn23ijOUJMKdJ6&previous_page_section_name=1000&federated_search_id=1b62aa0d-72ca-4e03-bdfb-da0778decf1e,4.77,"Welcome to your home sweet home away from home! ‚ú®We are thrilled to have you as part of our extended family and we hope your stay with us is filled with warmth, comfort, and unforgettable memories. Our doors and hearts welcome you wide open as we are here to ensure your time with us is comfortable and enjoyable.By staying here, you will have an easy access to KL Tower, KLCC, Pavilion Bukit Bintang, Jalan Alor, and other KL hotspots in less than 10mins by walk, Grab or train.The spaceInside the studio unit:üõå One queen bedüì∫ Television (Youtube, Smart TV)ü´ï Kitchen includes induction stove, cooking utensils, oven, electric kettle, pan and potüöø Shower includes shampoo and body washüßñ‚Äç‚ôÄÔ∏è Two bath towelsüå¨Ô∏è Hair dryerüëï Steam iron and iron board‚òïÔ∏è Coffee and tea*Due to hygiene concerns, we will not be providing salt, oil and pepper*Guest accessUpon booking, guest will have the access to all common areas and facilities inside.*Access card will be given for lifts/elevators*Facilities at Level 35üèä‚Äç‚ôÄÔ∏è Infinity Poolüßñ‚Äç‚ôÄÔ∏è Sauna & Steam Roomüïå SurauüõãÔ∏è Resident's Loungeüíº Business LoungeüöΩ Washroomüé§ KTV RoomFacilities at Level 36üèãÔ∏è GymFacilities at Level 37üßò‚Äç‚ôÄÔ∏è Yoga Deck"
KLCC Twin Star Full View Suite - Infinity Sky Pool,118.00,"Kuala Lumpur, Wilayah Persekutuan Kuala Lumpur, Malaysia",https://www.airbnb.com/rooms/30302225?search_mode=regular_search&adults=1&check_in=2026-05-08&check_out=2026-05-10&children=0&infants=0&pets=0&photo_id=940527737&source_impression_id=p3_1771479057_P3kszEs_hBhIMWpW&previous_page_section_name=1000&federated_search_id=1b62aa0d-72ca-4e03-bdfb-da0778decf1e,4.91,"Close to Kuala Lumpur heartbeat and the majestic KLCC Petronas Twin Tower, Shopping Paradise of Bukit Bintang and food and entertainment outlets in the Golden Triangle. All rooms are overlooking the majestic KLCC Twin Towers and the Titiwangsa lake. We offer hot water shower, AC and a well furnished clean room. The infinity pool overlooking the stunning view of KLCC and KL Tower and Kuala Lumpur panoramic view. As a safety percaution, all areas in the room are pre-disinfected before checking in.The spaceA amazing suite with a view, enjoy a full panoramic view of the KLCC Twin Towers and the KL skyline. Day or Night. Stylish decorated with a small private seated area to enjoy a good cup of coffee or tea.Guest accessThere are 2 Infinity pools here, located on Level 48 and Level 8.Level 48 is the rooftop infinity pool and gym. There's a small entry fees of USD 4  per person for the pool and gym usage. Children under 12 years old are not allowed. Proper swimwear is needed.Level 8 is the Garden view infinity pool and kids pool The pool entry fee is free of charge.Both Level 48 infinity pool, Gym and Level 8 infinity pool opening hours are 8am till 10pm.Other things to noteA great new place and a breath taking KLCC Twin Towers view and a stunning 360-degree KL view.Places of Interest1) KLCC Petronas Twin Towers - 3 Km2) Bukit Bintang - 4 Km3) Pavillion, Lot 10, Berjaya Times Square - 4 Km4) Night Market Jalan Alor - 4 Km5) Restaurants and Night Bars at Changkat Bukit Bintang - 4 Km6) Dataran Merdeka (Independence Square) - 7 Km7) Sultan Abdul Samad Building - 7 Km8) China Town - 7 Km9) Central Market - 8 Km10) KL Tower - 7 Km11) Botanical Garden - 8 Km12) Birds Park - 8 Km13) Batu Caves - 12 Km14) Theon Hou Temple - 15 Km15) Terminal Bus Station - 20 Km15) Putrajaya - 30 Km16) Genting Highland and Premium Outlet - 35 Km17) KLIA 1 & KLIA 2 Airport - 60 Km"
King Room | 5 min walk TRX MRT,70.00,"Kuala Lumpur, Federal Territory of Kuala Lumpur, Malaysia",https://www.airbnb.com/rooms/1436033631734042885?search_mode=regular_search&adults=1&category_tag=Tag%3A8678&check_in=2026-04-10&check_out=2026-04-12&children=0&infants=0&pets=0&photo_id=2199873103&source_impression_id=p3_1771479071_P3dtSFP7WVJfSYnw&previous_page_section_name=1000&federated_search_id=462b1bc8-1d23-46fd-8425-3957e91cba65,4.90,"üõèÔ∏èRelax in a clean comfy King Bed with Own Bathroom (No Share, inside the room)* 3 ~5min walking to TRX mall / Mrt* 1 km to Pavilion Bukit Bintang* 1 km to Tracand surround with many food :)It's a perfect spot if you like to explore more.Ideal for couples or solo backpackers ‚Äî whether you're staying a few nights or longer!The spaceüõèÔ∏èThe ROOM üöøattached Bathroom. no share- King Size bed- Big Build in wardrobe - Air Conditioner & Ceiling Fan- 4 pillow - Dressing Table with Mirror & StoolGuest accessüõãÔ∏èCommon areaLiving Room , Dining Area, Kitchen, Yard- Android TV With Netflix (use your own acc to login ) & Youtube- High Speed Wifi- Fridge, Water Filter Dispenser & Microwave- Wash & Dryer Machineü§ùüèªThis unit is a friendly house share ‚Äî you'll have your own private bedroom and bathroom for comfort and privacy. üõãÔ∏è The living room, kitchen, and common bathroom may be shared only if there are other guests booked at the same time.During your stayüîë Self Check-In & Check-OutEnjoy easy self check-in and check-out , the instructions provided before your arrival.üìû Always AvailableHost is available to assist all time and can be reached via WhatApp, call, text, or the Airbnb messaging platform.Other things to notePlease be kind and respectful to other guests ‚Äî a little friendliness goes a long way! üíû"
Clean 1BR for 2 Pax | KL Central,40.00,"Kuala Lumpur, Wilayah Persekutuan Kuala Lumpur, Malaysia",https://www.airbnb.com/rooms/870295746659764779?search_mode=regular_search&adults=1&check_in=2026-03-13&check_out=2026-03-15&children=0&infants=0&pets=0&source_impression_id=p3_1771479071_P3eR1s2irpvMgril&previous_page_section_name=1000&federated_search_id=462b1bc8-1d23-46fd-8425-3957e91cba65,4.46,"This trendy spot offers lots of charming details.Featuring 3-star accommodation, Adya Hotel Kuala Lumpur is set in Kuala Lumpur, 300m from SOGO mall, 400m from Merdeka Square, 800m from KL Tower & 1.5km from Planetarium, KLCC. The 3-star hotel has air-conditioned rooms with a private bathroom and free 100mbps Wi-Fi. The hotel features single, twin & family rooms. (kindly request, additional charges may apply)Kindly let us know if you prefer window/non window before booking. :)The spaceThe unit is furnished with these basic facilities that meet your daily needs:-- Wardrobe- Fully airconditioned- TV- Hot & Cold Shower- Fresh Linens & Towels- Washing Machine & Dryer (common area, pay to use)- Iron & Board (upon request)- Broandband Internet (Unlimited Access) - Stainless Steel Electric Kettle- Coffee & Tea- Complimentary bottled water (2 bottles per night) - Complimentary daily cleaning- Basic Toiletries (Fresh Towels/Shower Gel/Shampoo/Toilet Rolls)Kindly let us know if you prefer window/non window, queen/twin before booking. Request pending on availability. Rest assured we will try our best to accommodate your request. :)Guest accessThe reception is on level 5. This building is  protected with a 24-hour of 4 tier security Service.Other things to noteA security deposit of RM50 is mandatory at the time of check-in, to cover any incidental charges or damages that may occur during the stay. We assure you that the security deposit will be refunded to you at the time of check-out.*Subject to availability*Early check in between 9am - 2pm: RM50Late check out between 12pm - 5pm: RM50"
Premium 1BR | 3 min to Quill Mall & KLCC Views,80.00,"Kuala Lumpur, Federal Territory of Kuala Lumpur, Malaysia",https://www.airbnb.com/rooms/1538045526008405969?search_mode=regular_search&adults=1&check_in=2026-03-13&check_out=2026-03-15&children=0&infants=0&pets=0&source_impression_id=p3_1771479071_P3_WocZXjwQqtWIX&previous_page_section_name=1000&federated_search_id=462b1bc8-1d23-46fd-8425-3957e91cba65,5.00,"Experience Kuala Lumpur in style from this elegant unit at Majestic Residence, KLCC ‚Äî just steps away from the Petronas Twin Towers, Quill City Mall, and top city attractions. Unwind in a modern, fully furnished unit with a comfy bed, smart TV, high-speed WiFi, and a kitchen. Enjoy your morning coffee or sunset swim at the stunning infinity pool overlooking the Twin Towers.The spaceStay in the heart of Kuala Lumpur at this luxury unit in Majestic Residence, KLCC. Enjoy a stylish space with modern d√©cor, comfy  bed, smart TV , and a stunning infinity pool with Petronas Twin Tower view. Just minutes from Quill City Mall, KLCC Park, and top dining spots ‚Äî perfect for couples, solo travelers, or business stays.Guest accessGuests have full private access to the studio throughout their stay. Enjoy all the residence facilities, including:üèä‚Äç‚ôÇÔ∏è Infinity Pool with breathtaking Twin Tower viewsüí™ Gym & fitness areaüÖøÔ∏è Secure parking (charges may apply)üõó High-speed elevators & 24-hour securityOther things to noteüîë Check-in: 3:00 PM | Check-out: 11:00 AM(We‚Äôll do our best to accommodate early check-in or late check-out requests, subject to availability.)üö≠ No smoking, no parties, and no pets are allowed to ensure a comfortable stay for all guests.üèä‚Äç‚ôÄÔ∏è Pool access is subject to building management hours and attire policy.For longer stays please be informed that electricity/water/sewerage is not included in the rent. It will be based on your usage.Our team will send you a self check-in guide before arrival and assist with any special requests to make your KLCC stay seamless and enjoyable. üåü"
1 Bed Studio-Rooftop Infinity Pool KLCC TwinTowers,118.00,"Kuala Lumpur, Wilayah Persekutuan Kuala Lumpur, Malaysia",https://www.airbnb.com/rooms/34461008?search_mode=regular_search&adults=1&check_in=2026-05-15&check_out=2026-05-17&children=0&infants=0&pets=0&source_impression_id=p3_1771479071_P3xjUozJ1WmhG6cb&previous_page_section_name=1000&federated_search_id=462b1bc8-1d23-46fd-8425-3957e91cba65,4.89,"Close to Kuala Lumpur heartbeat and the majestic KLCC Petronas Twin Tower, Shopping Paradise of Bukit Bintang and food and entertainment outlets in the Golden Triangle. All rooms are overlooking the majestic KLCC Twin Towers and the Titiwangsa lake. We offer hot water shower, AC and a well furnished clean room. The infinity pool overlooking the stunning view of KLCC and KL Tower and Kuala Lumpur panoramic view. As a safety precaution, all areas in the room are pre-disinfected before checking in.The spaceA fully furnished studio unit. A amazing suite with a view, enjoy a full panoramic view of the KLCC Twin Towers and the KL skyline. Day or Night. Stylish decorated with a small private seated area to enjoy a good cup of coffee or tea.Guest accessThere are 2 Infinity pools here, located on Level 48 and Level 8.Level 48 is the rooftop infinity pool and gym. There's a small entry fees of USD 4  per person for the pool and gym usage. Children under 12 years old are not allowed. Proper swimwear is needed.Level 8 is the Garden view infinity pool and kids pool The pool entry fee is free of charge.Both Level 48 infinity pool, Gym and Level 8 infinity pool opening hours are 8am till 10pm.Other things to noteA great new place and a breath taking KLCC Twin Towers view and a stunning 360-degree KL view at Level 48 Pool and Gym area.Places of Interest1) KLCC Petronas Twin Towers - 3 Km2) Bukit Bintang - 4 Km3) Pavillion, Lot 10, Berjaya Times Square - 4 Km4) Night Market Jalan Alor - 4 Km5) Restaurants and Night Bars at Changkat Bukit Bintang - 4 Km6) Dataran Merdeka (Independence Square) - 7 Km7) Sultan Abdul Samad Building - 7 Km8) China Town - 7 Km9) Central Market - 8 Km10) KL Tower - 7 Km11) Botanical Garden - 8 Km12) Birds Park - 8 Km13) Batu Caves - 12 Km14) Theon Hou Temple - 15 Km15) Terminal Bus Station - 20 Km15) Putrajaya - 30 Km16) Genting Highland and Premium Outlet - 35 Km17) KLIA 1 & KLIA 2 Airport - 60 Km"
2C Affordable room in CBD 7 mins walk to MRT Rama9,41.00,"Khet Huai Khwang, Krung Thep Maha Nakhon, Thailand",https://www.airbnb.com/rooms/1245878818590732072?search_mode=regular_search&adults=1&category_tag=Tag%3A8678&check_in=2026-03-27&check_out=2026-03-29&children=0&infants=0&pets=0&photo_id=2368365133&source_impression_id=p3_1771479060_P3P29APl1Chy1NDA&previous_page_section_name=1000&federated_search_id=21f2d2f9-6310-416d-b516-dd65c7f35a19,4.96,"Experience authentic local living in a peaceful, upscale neighborhood surrounded by wealthy homes. We offer a relaxing escape with a beautiful garden and stunning city views.While you enjoy the tranquility of our village, just a few minutes‚Äô walk will take you to the bustling CBD, Jodd Fairs night market, Rama 9 subway station, and Central Rama 9 shopping mall. We‚Äôre also one subway stop from the Airport Link. You'll have the perfect mix of local charm and city convenience.Other things to noteImportant: To comply with Thai law (TM.30), all foreign guests are required to provide a photo of their passport for registration purposes before check-in. Thank you for your understanding."
CeylonZ Suites Kuala Lumpur. 33a (B) City View,81.00,"Kuala Lumpur, Federal Territory of Kuala Lumpur, Malaysia",https://www.airbnb.com/rooms/569049214818933247?search_mode=regular_search&adults=1&check_in=2026-05-22&check_out=2026-05-24&children=0&infants=0&pets=0&source_impression_id=p3_1771479071_P3fJA9BTezEqSkXT&previous_page_section_name=1000&federated_search_id=462b1bc8-1d23-46fd-8425-3957e91cba65,4.90,"Located in the HEART of Kuala Lumpur. Building address is Exsim Ceylonz Suites, Persiaran Raja Chulan, Bukit Kewangan, 50200 Kuala Lumpur, Federal Territory of Kuala Lumpur‚ö† IMPORTANT: The Windows are Dangerous. Please take extra care, especially with children.TV is not provided in this unit. If you need a TV please check our other listings.Unit is on level 34th Floor (The Highest is 35 )No Deposit neededFree ParkingFree WIFIFree Infinity Pool and GymThe Cleanest spaceThe spaceA Studio Apartment suitable for couples.Other things to noteNo TV in this Space.  Please check our other listings if you need a TV during your stay."
So happy house,44.00,"Bang Na, Bangkok, Thailand",https://www.airbnb.com/rooms/1556223820440529314?search_mode=regular_search&adults=1&check_in=2026-03-06&check_out=2026-03-08&children=0&infants=0&pets=0&source_impression_id=p3_1771479060_P3UnPckaRE1rvMqW&previous_page_section_name=1000&federated_search_id=21f2d2f9-6310-416d-b516-dd65c7f35a19,5.00,Keep it simple at this peaceful and centrally-located place.
"Apartment near Iconsiam, Clean Comfy Secure (208)",47.00,"Khlong San, Bangkok, Thailand",https://www.airbnb.com/rooms/1578865317031977392?search_mode=regular_search&adults=1&check_in=2026-03-27&check_out=2026-03-29&children=0&infants=0&pets=0&source_impression_id=p3_1771479075_P3EUKgRfBo39iP5t&previous_page_section_name=1000&federated_search_id=02ae82f0-fed5-4d25-8908-823dd46f3d0b,0.00,"-Located in heart of Bangkok near BTS, MRT, Bus station, TukTuk.Here is a street food market nearby and a large shopping center ( Icon Siam , Villa market, Sena fest , Big C , etc)7-eleven is 5 minutes away from the apartment -tourist attractions from Wat Prakaew , Wat Arun ,Flower market , Siam museum ,Khaosan road, Chinatown,  nearby Chaophraya river and many more! *This apartment is on the 2nd floor and 3rd floor of the building with No elevator"
4/5 - Sunlit Deluxe Studio with Queen bed & A/C,55.00,"Bangkok, Krung Thep Maha Nakhon, Thailand",https://www.airbnb.com/rooms/18011265?search_mode=regular_search&adults=1&check_in=2026-03-06&check_out=2026-03-08&children=0&infants=0&pets=0&source_impression_id=p3_1771479060_P3jyK8nRib3Sflqv&previous_page_section_name=1000&federated_search_id=21f2d2f9-6310-416d-b516-dd65c7f35a19,4.87,"This cool, clean and comfortable queen size deluxe studio is the perfect place to come back in after a hot day of exploring the best that Bangkok has to offer.This bright studio has a queen size bed, en-suite bathroom, A/C,  free wifi and other amenities.Currently our neighbors are doi g some construction on their house during the day.The spaceBZ27 is an apartment building with 45 studios catering mostly to local Thais and some other international tenants. We keep 7 rooms available for our Airbnb guests. Bz27 is located in the heart of a bustling Chinese-Thai neighborhood and has over 100 small shop house restaurants & street food vendors where the locals come and get their meals. All within in a 10 minute walking radius.St Louis BTS station is a 20 minute walk.Guest accessEach room has it's own private bathroom. Guests will have access to our 3rd floor green space and laundry area. Smoking allowed in the green space. Trash room is located on the 1st floor in the rear of the building.Other things to noteWe do not have an elevator. Room is on the 4th floor. No smoking in the room, smoking allowed outside on the 3rd floor garden area.If anything is not working properly, please let us know immediately. We can usually take care of any issue within a few hours.Our mattresses are Thai style. Extra firm. We have added a mattress topper."
Surut | BlackBeam | Ratchathewi,112.00,Neighborhood highlights,https://www.airbnb.com/rooms/1355481796651532872?search_mode=regular_search&adults=1&check_in=2026-03-27&check_out=2026-03-29&children=0&infants=0&pets=0&photo_id=2088292473&source_impression_id=p3_1771479060_P3UrzhA9xeW6zggy&previous_page_section_name=1000&federated_search_id=21f2d2f9-6310-416d-b516-dd65c7f35a19,4.96,"* Special price from now to July 2026  due to nearby construction (noise from 8:00‚Äì17:00, Mon‚ÄìSat). You‚Äôll have an entire floor to yourself in this cozy 40 sqm apartment, ideally located in the heart of Bangkok. Designed with respect for the building‚Äôs history, the space highlights exposed wooden beams, black metal supports, and a beige-tiled bathroom. Enjoy a spacious common area, perfect for relaxing after a day of exploring the vibrant city!The spaceThis spacious apartment is a rare gem in central Bangkok. Just 250 meters from BTS Ratchathewi (N1). The room features a comfortable king-size bed, while the private bathroom boasts a large window, allowing for plenty of natural light.Guests have full access to the expansive common area, which includes a well-equipped kitchen, washer and dryer, and a proper dining area‚Äîperfect for extended stays.Located in a charming old neighborhood, the building is within walking distance to Siam and Pratunam, offering easy access to shopping, dining, and major attractions.Our building features three private apartments and a shared common area for guests to enjoy. The shared spaces include:	‚Ä¢	Main entrance	‚Ä¢	Kitchenette	‚Ä¢	Living area	‚Ä¢	Powder room	‚Ä¢	Luggage storage corner	‚Ä¢	Dining area	‚Ä¢	Laundry areaEach apartment is completely private, with separate entrances and door locks. Within your apartment, you‚Äôll find a bedroom, bathroom, and living room.For a better understanding, we invite you to browse through the photos of each apartment available in our listing!Guest accessThis apartment is on the third floor of the building with no elevator. Available for self check-in.Other things to notePLEASE READ*-There‚Äôs no elevator in the building, and no porter service, guests will need to take the stairs up to their room.-No commercial photoshoot/filming allowed, if interested, please send us a message for extra charge.*In Thailand Airbnb is only allowed on private property such as ours and is illegal in apartment and condominium buildings in Bangkok. Rest assured that there will be no risk of a vacate order during mid-stay, as we have followed the rules right from the beginningMake our place your home!Enjoy an extra 10% discount as a returning guest ‚Äî just ask for the promotion through your previous booking chat.We look forward to welcoming you back!"
It is my pleasure to be your Host.,68.00,"Ratchathewi, Bangkok, Thailand",https://www.airbnb.com/rooms/1003908944961670197?search_mode=regular_search&adults=1&check_in=2026-03-20&check_out=2026-03-22&children=0&infants=0&pets=0&source_impression_id=p3_1771479075_P30umMF83ANyxklz&previous_page_section_name=1000&federated_search_id=02ae82f0-fed5-4d25-8908-823dd46f3d0b,4.83,"Experience a delightful stay at my place, where I've put forth my best efforts to make your visit enjoyable. Come and make yourself at home!"
"Single bed loft near the Grand Palace, MRT Sanam Chai",51.00,"Khet Phra Nakhon, Krung Thep Maha Nakhon, Thailand",https://www.airbnb.com/rooms/1552885776460033528?search_mode=regular_search&adults=1&check_in=2026-03-27&check_out=2026-03-29&children=0&infants=0&pets=0&source_impression_id=p3_1771479075_P3wHzpXOOXsAsekz&previous_page_section_name=1000&federated_search_id=02ae82f0-fed5-4d25-8908-823dd46f3d0b,4.95,"‚ú≥Ô∏è Loft-style room on the 4th floor (no elevator) ‚ú≥Ô∏èWat We See Bangkok HostelLocated on Ratchini Road, Phra Nakhon District, Bangkok. In the heart of the old city. Easy to get around. Close to many important tourist attractions such as Wat Phra Kaew, the Grand Palace, Wat Pho, Wat Arun, Khaosan Road and the National Museum. Perfect for travelers who want to relax in a convenient location and experience the charm of Bangkok. Rattanakosin Island, a popular tourist destination.The spaceüè† Wat We See Hostelüìç Address: 38 Soi Rajini, Phra Borom Maha Ratchawong Sub-district, Phra Nakhon District, Bangkoküöá Near Sanam Chai MRT Station, just a 3-5 minute walk (300 meters)üåÜ Nearby attractionsAll can be reached by walking or a short trip from the hostel. üë£Museum Siam ‚Äì A modern museum that tells the story of Thailand.‚è± Only a 2-minute walkWat Pho ‚Äì one of the largest and oldest Reclining Buddha temples in Bangkok‚è± About a 5-minute walkWat Arun (Wat Arun Ratchawararam) - A beautiful temple on the Chao Phraya River‚è± 10 minutes by ferry from Tha Tien PierThe Grand Palace ‚Äì The magnificent palace and Wat Phra Kaew‚è± About 10 minutes on footPak Khlong Talad - The largest flower market in Bangkok‚è± About a 5-minute walkSanam Luang ‚Äì A large courtyard near the Grand Palace‚è± About 10 minutes on footGiant Swing ‚Äì An important landmark in the old city center‚è± About 12 minutes walk or 5 minutes by car/tuk-tukKhao San Road - A popular tourist destination‚è± About 10 minutes by car or taxiDemocracy Monument‚è± 8-10 mins driveWat Saket (Golden Mount) ‚Äì A very beautiful old city view point‚è± 10-12 mins driveüöá TransportationMRT Sanam Chai Station ‚Äì 3‚Äì5 min walkRajinee Pier ‚Äì about 5 minutes walkFrom here you can take a boat to see the Chao Phraya River to Wat Arun, Wat Rakhang, or Icon Siam.Guest accessGuests can use everything in the room.Other things to noteThe room is a single bed size 3 ft. It is on the 4th floor. There is no elevator. Guests must walk up the stairs. It is a private room with an en-suite bathroom. Amenities include air conditioning, flat screen TV, kettle, coffee, Ovaltine, hair dryer, water heater, shampoo, soap, towels, head towel, mattress, sheets, soft duvet. Sleep well. Quiet. Let you relax fully."
Surut | Plywood | Ratchathewi,112.00,Neighborhood highlights,https://www.airbnb.com/rooms/1355325346708949994?search_mode=regular_search&adults=1&check_in=2026-03-27&check_out=2026-03-29&children=0&infants=0&pets=0&photo_id=2088230588&source_impression_id=p3_1771479075_P3cvHNqjnd-4U8MM&previous_page_section_name=1000&federated_search_id=02ae82f0-fed5-4d25-8908-823dd46f3d0b,4.93,"* Special price from now to July 2026 due to nearby construction (noise 8:00‚Äì17:00, Mon‚ÄìSat). Stay in a unique renovated shophouse with an entire 40 sqm floor to yourself, right in the heart of Bangkok. Designed with a warm, stylish touch, the space features pine wood veneer walls and a forest green tiled bathroom for a refreshing modern feel. Enjoy a large common area, perfect for relaxing after a day of exploring the city!The spaceThis spacious apartment is a rare gem in central Bangkok. Just 250 meters from BTS Ratchathewi (N1). The room features a comfortable king-size bed, while the private bathroom boasts a large window, allowing for plenty of natural light.Guests have full access to the expansive common area, which includes a well-equipped kitchen, washer and dryer, and a proper dining area‚Äîperfect for extended stays.Located in a charming old neighborhood, the building is within walking distance to Siam and Pratunam, offering easy access to shopping, dining, and major attractions.This spacious apartment is a rare gem in central Bangkok. The room features a comfortable king-size bed, while the private bathroom boasts a large window, allowing for plenty of natural light.Guests have full access to the expansive common area, which includes a well-equipped kitchen, washer and dryer, and a proper dining area‚Äîperfect for extended stays.Located in a charming old neighborhood, the building is within walking distance to Siam and Pratunam, offering easy access to shopping, dining, and major attractions.Our building features three private apartments and a shared common area for guests to enjoy. The shared spaces include:	‚Ä¢	Main entrance	‚Ä¢	Kitchenette	‚Ä¢	Living area	‚Ä¢	Powder room	‚Ä¢	Luggage storage corner	‚Ä¢	Dining area	‚Ä¢	Laundry areaEach apartment is completely private, with separate entrances and door locks. Within your apartment, you‚Äôll find a bedroom, bathroom, and living room.For a better understanding, we invite you to browse through the photos of each apartment available in our listing!Guest accessThis apartment is on the fourth floor of the building with no elevator. Available for self check-in.Other things to notePLEASE READ*-There‚Äôs no elevator in the building, and no porter service, guests will need to take the stairs up to their room.-No commercial photoshoot/filming allowed, if interested, please send us a message for extra charge.*In Thailand Airbnb is only allowed on private property such as ours and is illegal in apartment and condominium buildings in Bangkok. Rest assured that there will be no risk of a vacate order during mid-stay, as we have followed the rules right from the beginningMake our place your home!Enjoy an extra 10% discount as a returning guest ‚Äî just ask for the promotion through your previous booking chat.We look forward to welcoming you back!"
{A} Cozy apartment | Near subway ¬∑ Self check-in ¬∑ 7-11 downstairs ¬∑ Near night market,62.00,"Bangkok, Thailand",https://www.airbnb.com/rooms/12380261?search_mode=regular_search&adults=1&check_in=2026-03-27&check_out=2026-03-29&children=0&infants=0&pets=0&photo_id=1813435470&source_impression_id=p3_1771479075_P3Op3YY95JFN1L6G&previous_page_section_name=1000&federated_search_id=02ae82f0-fed5-4d25-8908-823dd46f3d0b,4.80,"We are located at the  MRT Huai khwang station, whether it is to Suvarnabhumi Airport or Don Mueang Airport, major shopping malls, night markets or supermarkets, 7-11, exchange, various attractions in Bangkok to Pattaya,hua hin,Floating Market, Ko Samed are very easily it is also the only area in Bangkok that is open until the morning and immediately turns into a night market after dawn. Due to the continuous development of this area, it has attracted countless tourists to come to pilgrimageThe spaceIn accordance with the current pneumonia epidemic, we has adopted mo re safety measures for cleaning and disinfection. Frequently used equipment in the room includes hair dryers, kettles, cutlery cups and pans, door handles, keys, etc., all sprayed with alcohol. Set disinfection and then wipe, travelers stay at ease, don't forget to wash your hands frequently, remember to wear masks in areas with high crowds or shopping malls(Room design) The suite has a private balcony , so that the entire space can always get plenty of natural light, providing you with a bright and comfortable environment Entire space with light wood furniture An LCD TV is provided on the wall and  English channel programs. The room is equipped with a guest refrigerator and high-quality tableware. Free wireless high-speed Internet access is available (bedding) The suite has a 5 foot double bed and private toiletand the hotel uses comfortable hotel bedding and high-quality latex pillows for a good night's sleep, whether it is business or leisure, you can release the fatigue of your day (Latex pillow) Passed ATIS Thailand National Industrial Standards Bureau recognized excellent latex quality, passed German LGA environmental safety quality certification Receiving German ECO EU ecological certification products will not cause pollution and harm to the ecological environment (bathroom) Provide bath and shower set * Shower gel * shampoo * soap * shower cap  (Laundry) There are clothes racks and laundry baskets in the room, coin-operated washing machines and dryers are provided on the 2 floor, and aluminum clothes rails on the balcony can hang more clothes (network) Free wifi (Extra bed) The third person can add an extra bed 400 / person  (Before Travel Information) from the time you get off the plane to your return, to make your trip more rich and diverse, and help you save a lot of unnecessary trouble and valuable time during the trip no matter before check-in during Thailand  Or if you need any assistance after checking out, just ask us and add memories to your Bangkok tripGuest accessThe latest Thai bill passed in August 2019 stipulates that smoking is prohibited indoors, and smoking indoors at home affects the health of other people is also an illegal act. To avoid violation of the law, please pay more attention to it. In order to protect the rights of guests to stay and the landlord's furniture is not contaminated by second-hand nicotine smoke (many of the guests are non-smokers, pregnant women, children, etc. We strictly prohibit smoking in the entire building, including balcony, toilet, room and corridor public  Area, if the guest smokes or smokes in the room after check-out, the will be charged 2,000 baht, and the airbnb will be notified Smokers must go to the open space outside the first floor, only here is allowed to smoke"
